,Tracks,Artists,Albums,URLs
0,I Will Follow,U2 Lyrics,"album: ""Boy"" (1980)",/lyrics/u2band/iwillfollow.html
1,Twilight,U2 Lyrics,"album: ""Boy"" (1980)",/lyrics/u2band/twilight.html
2,An Cat Dubh,U2 Lyrics,"album: ""Boy"" (1980)",/lyrics/u2band/ancatdubh.html
3,Into The Heart,U2 Lyrics,"album: ""Boy"" (1980)",/lyrics/u2band/intotheheart.html
4,Out Of Control,U2 Lyrics,"album: ""Boy"" (1980)",/lyrics/u2band/outofcontrol.html
5,Stories For Boys,U2 Lyrics,"album: ""Boy"" (1980)",/lyrics/u2band/storiesforboys.html
6,The Ocean,U2 Lyrics,"album: ""Boy"" (1980)",/lyrics/u2band/theocean.html
7,A Day Without Me,U2 Lyrics,"album: ""Boy"" (1980)",/lyrics/u2band/adaywithoutme.html
8,"Another Time, Another Place",U2 Lyrics,"album: ""Boy"" (1980)",/lyrics/u2band/anothertimeanotherplace.html
9,The Electric Co.,U2 Lyrics,"album: ""Boy"" (1980)",/lyrics/u2band/theelectricco.html
10,Shadows And Tall Trees,U2 Lyrics,"album: ""Boy"" (1980)",/lyrics/u2band/shadowsandtalltrees.html
11,Gloria,U2 Lyrics,"album: ""October"" (1981)",/lyrics/u2band/gloria.html
12,I Fall Down,U2 Lyrics,"album: ""October"" (1981)",/lyrics/u2band/ifalldown.html
13,I Threw A Brick Through A Window,U2 Lyrics,"album: ""October"" (1981)",/lyrics/u2band/ithrewabrickthroughawindow.html
14,Rejoice,U2 Lyrics,"album: ""October"" (1981)",/lyrics/u2band/rejoice.html
15,Fire,U2 Lyrics,"album: ""October"" (1981)",/lyrics/u2band/fire.html
16,Tomorrow,U2 Lyrics,"album: ""October"" (1981)",/lyrics/u2band/tomorrow.html
17,October,U2 Lyrics,"album: ""October"" (1981)",/lyrics/u2band/october.html
18,With A Shout,U2 Lyrics,"album: ""October"" (1981)",/lyrics/u2band/withashout.html
19,Stranger In A Strange Land,U2 Lyrics,"album: ""October"" (1981)",/lyrics/u2band/strangerinastrangeland.html
20,Is That All,U2 Lyrics,"album: ""October"" (1981)",/lyrics/u2band/isthatall.html
21,Sunday Bloody Sunday,U2 Lyrics,"album: ""War"" (1983)",/lyrics/u2band/sundaybloodysunday.html
22,Seconds,U2 Lyrics,"album: ""War"" (1983)",/lyrics/u2band/seconds.html
23,New Years Day,U2 Lyrics,"album: ""War"" (1983)",/lyrics/u2band/newyearsday.html
24,Like A Song,U2 Lyrics,"album: ""War"" (1983)",/lyrics/u2band/likeasong.html
25,Drowning Man,U2 Lyrics,"album: ""War"" (1983)",/lyrics/u2band/drowningman.html
26,The Refugee,U2 Lyrics,"album: ""War"" (1983)",/lyrics/u2band/therefugee.html
27,Two Hearts Beat As One,U2 Lyrics,"album: ""War"" (1983)",/lyrics/u2band/twoheartsbeatasone.html
28,Red Light,U2 Lyrics,"album: ""War"" (1983)",/lyrics/u2band/redlight.html
29,Surrender,U2 Lyrics,"album: ""War"" (1983)",/lyrics/u2band/surrender.html
30,40,U2 Lyrics,"album: ""War"" (1983)",/lyrics/u2band/40.html
31,A Sort Of Homecoming,U2 Lyrics,"album: ""The Unforgettable Fire"" (1984)",/lyrics/u2band/asortofhomecoming.html
32,Pride (In The Name Of Love),U2 Lyrics,"album: ""The Unforgettable Fire"" (1984)",/lyrics/u2band/prideinthenameoflove.html
33,Wire,U2 Lyrics,"album: ""The Unforgettable Fire"" (1984)",/lyrics/u2band/wire.html
34,The Unforgettable Fire,U2 Lyrics,"album: ""The Unforgettable Fire"" (1984)",/lyrics/u2band/theunforgettablefire.html
35,Promenade,U2 Lyrics,"album: ""The Unforgettable Fire"" (1984)",/lyrics/u2band/promenade.html
36,4th Of July(Instrumental),U2 Lyrics,"album: ""The Unforgettable Fire"" (1984)",
37,Bad,U2 Lyrics,"album: ""The Unforgettable Fire"" (1984)",/lyrics/u2band/bad.html
38,Indian Summer Sky,U2 Lyrics,"album: ""The Unforgettable Fire"" (1984)",/lyrics/u2band/indiansummersky.html
39,Elvis Presley And America,U2 Lyrics,"album: ""The Unforgettable Fire"" (1984)",/lyrics/u2band/elvispresleyandamerica.html
40,MLK,U2 Lyrics,"album: ""The Unforgettable Fire"" (1984)",/lyrics/u2band/mlk.html
41,Disappearing Act(Bonus Track),U2 Lyrics,"album: ""The Unforgettable Fire"" (1984)",/lyrics/u2band/disappearingact.html
42,11 OClock Tick Tock(Bonus Track),U2 Lyrics,"album: ""The Unforgettable Fire"" (1984)",/lyrics/u2band/11oclockticktock.html
43,Boomerang II(Bonus Track),U2 Lyrics,"album: ""The Unforgettable Fire"" (1984)",/lyrics/u2band/boomerangii.html
44,Where The Streets Have No Name,U2 Lyrics,"album: ""The Joshua Tree"" (1987)",/lyrics/u2band/wherethestreetshavenoname.html
45,I Still Havent Found What Im Looking For,U2 Lyrics,"album: ""The Joshua Tree"" (1987)",/lyrics/u2band/istillhaventfoundwhatimlookingfor.html
46,With Or Without You,U2 Lyrics,"album: ""The Joshua Tree"" (1987)",/lyrics/u2band/withorwithoutyou.html
47,Bullet The Blue Sky,U2 Lyrics,"album: ""The Joshua Tree"" (1987)",/lyrics/u2band/bulletthebluesky.html
48,Running To Stand Still,U2 Lyrics,"album: ""The Joshua Tree"" (1987)",/lyrics/u2band/runningtostandstill.html
49,Red Hill Mining Town,U2 Lyrics,"album: ""The Joshua Tree"" (1987)",/lyrics/u2band/redhillminingtown.html
50,In Gods Country,U2 Lyrics,"album: ""The Joshua Tree"" (1987)",/lyrics/u2band/ingodscountry.html
51,Trip Through Your Wires,U2 Lyrics,"album: ""The Joshua Tree"" (1987)",/lyrics/u2band/tripthroughyourwires.html
52,One Tree Hill,U2 Lyrics,"album: ""The Joshua Tree"" (1987)",/lyrics/u2band/onetreehill.html
53,Exit,U2 Lyrics,"album: ""The Joshua Tree"" (1987)",/lyrics/u2band/exit.html
54,Mothers Of The Disappeared,U2 Lyrics,"album: ""The Joshua Tree"" (1987)",/lyrics/u2band/mothersofthedisappeared.html
55,Desert Of Our Love(Reissue Bonus Track),U2 Lyrics,"album: ""The Joshua Tree"" (1987)",/lyrics/u2band/desertofourlove.html
56,Rise Up(Reissue Bonus Track),U2 Lyrics,"album: ""The Joshua Tree"" (1987)",/lyrics/u2band/riseup.html
57,Drunk Chicken/America(Reissue Bonus Track),U2 Lyrics,"album: ""The Joshua Tree"" (1987)",/lyrics/u2band/drunkchickenamerica.html
58,Deep In The Heart,U2 Lyrics,"album: ""The Joshua Tree"" (1987)",/lyrics/u2band/deepintheheart.html
59,Sweetest Thing,U2 Lyrics,"album: ""The Joshua Tree"" (1987)",/lyrics/u2band/sweetestthing.html
60,Race Against Time(Reissue Bonus Track),U2 Lyrics,"album: ""The Joshua Tree"" (1987)",/lyrics/u2band/raceagainsttime.html
61,Helter Skelter,U2 Lyrics,"album: ""Rattle And Hum"" (1988)",/lyrics/u2band/helterskelter.html
62,Van Diemens Land,U2 Lyrics,"album: ""Rattle And Hum"" (1988)",/lyrics/u2band/vandiemensland.html
63,Desire,U2 Lyrics,"album: ""Rattle And Hum"" (1988)",/lyrics/u2band/desire.html
64,Hawkmoon 269,U2 Lyrics,"album: ""Rattle And Hum"" (1988)",/lyrics/u2band/hawkmoon269.html
65,All Along The Watchtower,U2 Lyrics,"album: ""Rattle And Hum"" (1988)",/lyrics/u2band/allalongthewatchtower.html
66,I Still Havent Found What Im Looking For,U2 Lyrics,"album: ""Rattle And Hum"" (1988)",/lyrics/u2band/istillhaventfoundwhatimlookingfor.html
67,Freedom For My People,U2 Lyrics,"album: ""Rattle And Hum"" (1988)",/lyrics/u2band/freedomformypeople.html
68,Silver And Gold,U2 Lyrics,"album: ""Rattle And Hum"" (1988)",/lyrics/u2band/silverandgold.html
69,Pride (In The Name Of Love),U2 Lyrics,"album: ""Rattle And Hum"" (1988)",/lyrics/u2band/prideinthenameoflove.html
70,Angel Of Harlem,U2 Lyrics,"album: ""Rattle And Hum"" (1988)",/lyrics/u2band/angelofharlem.html
71,Love Rescue Me,U2 Lyrics,"album: ""Rattle And Hum"" (1988)",/lyrics/u2band/loverescueme.html
72,When Love Comes To Town,U2 Lyrics,"album: ""Rattle And Hum"" (1988)",/lyrics/u2band/whenlovecomestotown.html
73,Heartland,U2 Lyrics,"album: ""Rattle And Hum"" (1988)",/lyrics/u2band/heartland.html
74,God Part II,U2 Lyrics,"album: ""Rattle And Hum"" (1988)",/lyrics/u2band/godpartii.html
75,The Star Spangled Banner(Instrumental),U2 Lyrics,"album: ""Rattle And Hum"" (1988)",
76,Bullet The Blue Sky (Live),U2 Lyrics,"album: ""Rattle And Hum"" (1988)",/lyrics/u2band/bullettheblueskylive.html
77,All I Want Is You,U2 Lyrics,"album: ""Rattle And Hum"" (1988)",/lyrics/u2band/alliwantisyou.html
78,Zoo Station,U2 Lyrics,"album: ""Achtung Baby"" (1991)",/lyrics/u2band/zoostation.html
79,Even Better Than The Real Thing,U2 Lyrics,"album: ""Achtung Baby"" (1991)",/lyrics/u2band/evenbetterthantherealthing.html
80,One,U2 Lyrics,"album: ""Achtung Baby"" (1991)",/lyrics/u2band/one.html
81,Until The End Of The World,U2 Lyrics,"album: ""Achtung Baby"" (1991)",/lyrics/u2band/untiltheendoftheworld.html
82,Whos Gonna Ride Your Wild Horses,U2 Lyrics,"album: ""Achtung Baby"" (1991)",/lyrics/u2band/whosgonnarideyourwildhorses.html
83,So Cruel,U2 Lyrics,"album: ""Achtung Baby"" (1991)",/lyrics/u2band/socruel.html
84,The Fly,U2 Lyrics,"album: ""Achtung Baby"" (1991)",/lyrics/u2band/thefly.html
85,Mysterious Ways,U2 Lyrics,"album: ""Achtung Baby"" (1991)",/lyrics/u2band/mysteriousways.html
86,Tryin To Throw Your Arms Around The World,U2 Lyrics,"album: ""Achtung Baby"" (1991)",/lyrics/u2band/tryintothrowyourarmsaroundtheworld.html
87,Ultraviolet (Light My Way),U2 Lyrics,"album: ""Achtung Baby"" (1991)",/lyrics/u2band/ultravioletlightmyway.html
88,Acrobat,U2 Lyrics,"album: ""Achtung Baby"" (1991)",/lyrics/u2band/acrobat.html
89,Love Is Blindness,U2 Lyrics,"album: ""Achtung Baby"" (1991)",/lyrics/u2band/loveisblindness.html
90,Blow Your House Down(Reissue Bonus Track),U2 Lyrics,"album: ""Achtung Baby"" (1991)",/lyrics/u2band/blowyourhousedown.html
91,Zooropa,U2 Lyrics,"album: ""Zooropa"" (1993)",/lyrics/u2band/zooropa.html
92,Babyface,U2 Lyrics,"album: ""Zooropa"" (1993)",/lyrics/u2band/babyface.html
93,Numb,U2 Lyrics,"album: ""Zooropa"" (1993)",/lyrics/u2band/numb.html
94,Lemon,U2 Lyrics,"album: ""Zooropa"" (1993)",/lyrics/u2band/lemon.html
95,"Stay (Faraway, So Close!)",U2 Lyrics,"album: ""Zooropa"" (1993)",/lyrics/u2band/stayfarawaysoclose.html
96,Daddys Gonna Pay For Your Crashed Car,U2 Lyrics,"album: ""Zooropa"" (1993)",/lyrics/u2band/daddysgonnapayforyourcrashedcar.html
97,Some Days Are Better Than Others,U2 Lyrics,"album: ""Zooropa"" (1993)",/lyrics/u2band/somedaysarebetterthanothers.html
98,The First Time,U2 Lyrics,"album: ""Zooropa"" (1993)",/lyrics/u2band/thefirsttime.html
99,Dirty Day,U2 Lyrics,"album: ""Zooropa"" (1993)",/lyrics/u2band/dirtyday.html
100,The Wanderer,U2 Lyrics,"album: ""Zooropa"" (1993)",/lyrics/u2band/thewanderer.html
101,Slug,U2 Lyrics,"soundtrack: ""Passengers"" (1995)",/lyrics/u2band/slug.html
102,Your Blue Room,U2 Lyrics,"soundtrack: ""Passengers"" (1995)",/lyrics/u2band/yourblueroom.html
103,A Different Kind Of Blue,U2 Lyrics,"soundtrack: ""Passengers"" (1995)",/lyrics/u2band/adifferentkindofblue.html
104,Miss Sarajevo,U2 Lyrics,"soundtrack: ""Passengers"" (1995)",/lyrics/u2band/misssarajevo.html
105,Ito Okashi,U2 Lyrics,"soundtrack: ""Passengers"" (1995)",/lyrics/u2band/itookashi.html
106,Elvis Ate America,U2 Lyrics,"soundtrack: ""Passengers"" (1995)",/lyrics/u2band/elvisateamerica.html
107,Discotheque,U2 Lyrics,"album: ""Pop"" (1997)",/lyrics/u2band/discotheque.html
108,Do You Feel Loved,U2 Lyrics,"album: ""Pop"" (1997)",/lyrics/u2band/doyoufeelloved.html
109,Mofo,U2 Lyrics,"album: ""Pop"" (1997)",/lyrics/u2band/mofo.html
110,If God Will Send His Angels,U2 Lyrics,"album: ""Pop"" (1997)",/lyrics/u2band/ifgodwillsendhisangels.html
111,Staring At The Sun,U2 Lyrics,"album: ""Pop"" (1997)",/lyrics/u2band/staringatthesun.html
112,Last Night On Earth,U2 Lyrics,"album: ""Pop"" (1997)",/lyrics/u2band/lastnightonearth.html
113,Gone,U2 Lyrics,"album: ""Pop"" (1997)",/lyrics/u2band/gone.html
114,Miami,U2 Lyrics,"album: ""Pop"" (1997)",/lyrics/u2band/miami.html
115,Playboy Mansion,U2 Lyrics,"album: ""Pop"" (1997)",/lyrics/u2band/playboymansion.html
116,If You Wear That Velvet Dress,U2 Lyrics,"album: ""Pop"" (1997)",/lyrics/u2band/ifyouwearthatvelvetdress.html
117,Please,U2 Lyrics,"album: ""Pop"" (1997)",/lyrics/u2band/please.html
118,Wake Up Dead Man,U2 Lyrics,"album: ""Pop"" (1997)",/lyrics/u2band/wakeupdeadman.html
119,Holy Joe (Guilty Mix)(Japan Bonus Track),U2 Lyrics,"album: ""Pop"" (1997)",/lyrics/u2band/holyjoeguiltymix.html
120,Three Sunrises,U2 Lyrics,"compilation: ""The Best Of 1980-1990"" (1998)",/lyrics/u2band/threesunrises.html
121,Spanish Eyes,U2 Lyrics,"compilation: ""The Best Of 1980-1990"" (1998)",/lyrics/u2band/spanisheyes.html
122,The Sweetest Thing,U2 Lyrics,"compilation: ""The Best Of 1980-1990"" (1998)",/lyrics/u2band/thesweetestthing.html
123,Love Comes Tumbling,U2 Lyrics,"compilation: ""The Best Of 1980-1990"" (1998)",/lyrics/u2band/lovecomestumbling.html
124,Dancing Barefoot,U2 Lyrics,"compilation: ""The Best Of 1980-1990"" (1998)",/lyrics/u2band/dancingbarefoot.html
125,Everlasting Love,U2 Lyrics,"compilation: ""The Best Of 1980-1990"" (1998)",/lyrics/u2band/everlastinglove.html
126,Unchained Melody,U2 Lyrics,"compilation: ""The Best Of 1980-1990"" (1998)",/lyrics/u2band/unchainedmelody.html
127,Walk To The Water,U2 Lyrics,"compilation: ""The Best Of 1980-1990"" (1998)",/lyrics/u2band/walktothewater.html
128,Luminous Times (Hold On To Love),U2 Lyrics,"compilation: ""The Best Of 1980-1990"" (1998)",/lyrics/u2band/luminoustimesholdontolove.html
129,Hallelujah  (Here She Comes),U2 Lyrics,"compilation: ""The Best Of 1980-1990"" (1998)",/lyrics/u2band/hallelujahhereshecomes.html
130,Silver And Gold,U2 Lyrics,"compilation: ""The Best Of 1980-1990"" (1998)",/lyrics/u2band/silverandgold.html
131,Endless Deep,U2 Lyrics,"compilation: ""The Best Of 1980-1990"" (1998)",/lyrics/u2band/endlessdeep.html
132,A Room At The Heartbreak Hotel,U2 Lyrics,"compilation: ""The Best Of 1980-1990"" (1998)",/lyrics/u2band/aroomattheheartbreakhotel.html
133,Party Girl,U2 Lyrics,"compilation: ""The Best Of 1980-1990"" (1998)",/lyrics/u2band/partygirl.html
134,Beautiful Day,U2 Lyrics,"album: ""All That You Cant Leave Behind"" (2000)",/lyrics/u2band/beautifulday.html
135,Elevation,U2 Lyrics,"album: ""All That You Cant Leave Behind"" (2000)",/lyrics/u2band/elevation.html
136,Walk On,U2 Lyrics,"album: ""All That You Cant Leave Behind"" (2000)",/lyrics/u2band/walkon.html
137,Stuck In A Moment You Cant Get Out Of,U2 Lyrics,"album: ""All That You Cant Leave Behind"" (2000)",/lyrics/u2band/stuckinamomentyoucantgetoutof.html
138,Peace On Earth,U2 Lyrics,"album: ""All That You Cant Leave Behind"" (2000)",/lyrics/u2band/peaceonearth.html
139,Kite,U2 Lyrics,"album: ""All That You Cant Leave Behind"" (2000)",/lyrics/u2band/kite.html
140,New York,U2 Lyrics,"album: ""All That You Cant Leave Behind"" (2000)",/lyrics/u2band/newyork.html
141,In A Little While,U2 Lyrics,"album: ""All That You Cant Leave Behind"" (2000)",/lyrics/u2band/inalittlewhile.html
142,Wild Honey,U2 Lyrics,"album: ""All That You Cant Leave Behind"" (2000)",/lyrics/u2band/wildhoney.html
143,When I Look At The World,U2 Lyrics,"album: ""All That You Cant Leave Behind"" (2000)",/lyrics/u2band/whenilookattheworld.html
144,Grace,U2 Lyrics,"album: ""All That You Cant Leave Behind"" (2000)",/lyrics/u2band/grace.html
145,Vertigo,U2 Lyrics,"album: ""How To Dismantle An Atomic Bomb"" (2004)",/lyrics/u2band/vertigo.html
146,Miracle Drug,U2 Lyrics,"album: ""How To Dismantle An Atomic Bomb"" (2004)",/lyrics/u2band/miracledrug.html
147,Sometimes You Cant Make It On Your Own,U2 Lyrics,"album: ""How To Dismantle An Atomic Bomb"" (2004)",/lyrics/u2band/sometimesyoucantmakeitonyourown.html
148,Love And Peace Or Else,U2 Lyrics,"album: ""How To Dismantle An Atomic Bomb"" (2004)",/lyrics/u2band/loveandpeaceorelse.html
149,City Of Blinding Lights,U2 Lyrics,"album: ""How To Dismantle An Atomic Bomb"" (2004)",/lyrics/u2band/cityofblindinglights.html
150,All Because Of You,U2 Lyrics,"album: ""How To Dismantle An Atomic Bomb"" (2004)",/lyrics/u2band/allbecauseofyou.html
151,A Man And A Woman,U2 Lyrics,"album: ""How To Dismantle An Atomic Bomb"" (2004)",/lyrics/u2band/amanandawoman.html
152,Crumbs From Your Table,U2 Lyrics,"album: ""How To Dismantle An Atomic Bomb"" (2004)",/lyrics/u2band/crumbsfromyourtable.html
153,One Step Closer,U2 Lyrics,"album: ""How To Dismantle An Atomic Bomb"" (2004)",/lyrics/u2band/onestepcloser.html
154,Original Of The Species,U2 Lyrics,"album: ""How To Dismantle An Atomic Bomb"" (2004)",/lyrics/u2band/originalofthespecies.html
155,Yahweh,U2 Lyrics,"album: ""How To Dismantle An Atomic Bomb"" (2004)",/lyrics/u2band/yahweh.html
156,Fast Cars,U2 Lyrics,"album: ""How To Dismantle An Atomic Bomb"" (2004)",/lyrics/u2band/fastcars.html
157,Levitate,U2 Lyrics,"compilation: ""Medium, Rare & Remastered"" (2009)",/lyrics/u2band/levitate.html
158,Love You Like Mad,U2 Lyrics,"compilation: ""Medium, Rare & Remastered"" (2009)",/lyrics/u2band/loveyoulikemad.html
159,Smile,U2 Lyrics,"compilation: ""Medium, Rare & Remastered"" (2009)",/lyrics/u2band/smile.html
160,Flower Child,U2 Lyrics,"compilation: ""Medium, Rare & Remastered"" (2009)",/lyrics/u2band/flowerchild.html
161,Beautiful Ghost,U2 Lyrics,"compilation: ""Medium, Rare & Remastered"" (2009)",/lyrics/u2band/beautifulghost.html
162,Jesus Christ,U2 Lyrics,"compilation: ""Medium, Rare & Remastered"" (2009)",/lyrics/u2band/jesuschrist.html
163,Xanax & Wine,U2 Lyrics,"compilation: ""Medium, Rare & Remastered"" (2009)",/lyrics/u2band/xanaxwine.html
164,All Because Of You (Alternative Version),U2 Lyrics,"compilation: ""Medium, Rare & Remastered"" (2009)",/lyrics/u2band/allbecauseofyoualternativeversion.html
165,Native Son,U2 Lyrics,"compilation: ""Medium, Rare & Remastered"" (2009)",/lyrics/u2band/nativeson.html
166,Yahweh (Alternative Version),U2 Lyrics,"compilation: ""Medium, Rare & Remastered"" (2009)",/lyrics/u2band/yahwehalternativeversion.html
167,Sometimes You Cant Make It On Your Own (Alternative Version),U2 Lyrics,"compilation: ""Medium, Rare & Remastered"" (2009)",/lyrics/u2band/sometimesyoucantmakeitonyourownalternativeversion.html
168,Saturday Night,U2 Lyrics,"compilation: ""Medium, Rare & Remastered"" (2009)",/lyrics/u2band/saturdaynight.html
169,"Trash, Trampoline And The Party Girl",U2 Lyrics,"compilation: ""Medium, Rare & Remastered"" (2009)",/lyrics/u2band/trashtrampolineandthepartygirl.html
170,Angels Too Tied To The Ground,U2 Lyrics,"compilation: ""Medium, Rare & Remastered"" (2009)",/lyrics/u2band/angelstootiedtotheground.html
171,Wave Of Sorrow,U2 Lyrics,"compilation: ""Medium, Rare & Remastered"" (2009)",/lyrics/u2band/waveofsorrow.html
172,Always,U2 Lyrics,"compilation: ""Medium, Rare & Remastered"" (2009)",/lyrics/u2band/always.html
173,Summer Rain,U2 Lyrics,"compilation: ""Medium, Rare & Remastered"" (2009)",/lyrics/u2band/summerrain.html
174,Big Girls Are Best,U2 Lyrics,"compilation: ""Medium, Rare & Remastered"" (2009)",/lyrics/u2band/biggirlsarebest.html
175,Fast Cars,U2 Lyrics,"compilation: ""Medium, Rare & Remastered"" (2009)",/lyrics/u2band/fastcars.html
176,Neon Lights,U2 Lyrics,"compilation: ""Medium, Rare & Remastered"" (2009)",/lyrics/u2band/neonlights.html
177,No Line On The Horizon,U2 Lyrics,"album: ""No Line On The Horizon"" (2009)",/lyrics/u2band/nolineonthehorizon.html
178,Magnificent,U2 Lyrics,"album: ""No Line On The Horizon"" (2009)",/lyrics/u2band/magnificent.html
179,Moment Of Surrender,U2 Lyrics,"album: ""No Line On The Horizon"" (2009)",/lyrics/u2band/momentofsurrender.html
180,Unknown Caller,U2 Lyrics,"album: ""No Line On The Horizon"" (2009)",/lyrics/u2band/unknowncaller.html
181,Ill Go Crazy If I Dont Go Crazy Tonight,U2 Lyrics,"album: ""No Line On The Horizon"" (2009)",/lyrics/u2band/illgocrazyifidontgocrazytonight.html
182,Get On Your Boots,U2 Lyrics,"album: ""No Line On The Horizon"" (2009)",/lyrics/u2band/getonyourboots.html
183,Stand Up Comedy,U2 Lyrics,"album: ""No Line On The Horizon"" (2009)",/lyrics/u2band/standupcomedy.html
184,Fez - Being Born,U2 Lyrics,"album: ""No Line On The Horizon"" (2009)",/lyrics/u2band/fezbeingborn.html
185,White As Snow,U2 Lyrics,"album: ""No Line On The Horizon"" (2009)",/lyrics/u2band/whiteassnow.html
186,Breathe,U2 Lyrics,"album: ""No Line On The Horizon"" (2009)",/lyrics/u2band/breathe.html
187,Cedars Of Lebanon,U2 Lyrics,"album: ""No Line On The Horizon"" (2009)",/lyrics/u2band/cedarsoflebanon.html
188,The Miracle (Of Joey Ramone),U2 Lyrics,"album: ""Songs Of Innocence"" (2014)",/lyrics/u2band/themiracleofjoeyramone.html
189,Every Breaking Wave,U2 Lyrics,"album: ""Songs Of Innocence"" (2014)",/lyrics/u2band/everybreakingwave.html
190,California (There Is No End To Love),U2 Lyrics,"album: ""Songs Of Innocence"" (2014)",/lyrics/u2band/californiathereisnoendtolove.html
191,Song For Someone,U2 Lyrics,"album: ""Songs Of Innocence"" (2014)",/lyrics/u2band/songforsomeone.html
192,Iris (Hold Me Close),U2 Lyrics,"album: ""Songs Of Innocence"" (2014)",/lyrics/u2band/irisholdmeclose.html
193,Volcano,U2 Lyrics,"album: ""Songs Of Innocence"" (2014)",/lyrics/u2band/volcano.html
194,Raised By Wolves,U2 Lyrics,"album: ""Songs Of Innocence"" (2014)",/lyrics/u2band/raisedbywolves.html
195,Cedarwood Road,U2 Lyrics,"album: ""Songs Of Innocence"" (2014)",/lyrics/u2band/cedarwoodroad.html
196,Sleep Like A Baby Tonight,U2 Lyrics,"album: ""Songs Of Innocence"" (2014)",/lyrics/u2band/sleeplikeababytonight.html
197,This Is Where You Can Reach Me Now,U2 Lyrics,"album: ""Songs Of Innocence"" (2014)",/lyrics/u2band/thisiswhereyoucanreachmenow.html
198,The Troubles,U2 Lyrics,"album: ""Songs Of Innocence"" (2014)",/lyrics/u2band/thetroubles.html
199,Lucifers Hands(Deluxe Edition Bonus Track),U2 Lyrics,"album: ""Songs Of Innocence"" (2014)",/lyrics/u2band/lucifershands.html
200,The Crystal Ballroom(Deluxe Edition Bonus Track),U2 Lyrics,"album: ""Songs Of Innocence"" (2014)",/lyrics/u2band/thecrystalballroom.html
201,The Troubles (Alternative Version)(Deluxe Edition Bonus Track),U2 Lyrics,"album: ""Songs Of Innocence"" (2014)",/lyrics/u2band/thetroublesalternativeversion.html
202,Sleep Like A Baby Tonight (Alternative Mix)(Deluxe Edition Bonus Track),U2 Lyrics,"album: ""Songs Of Innocence"" (2014)",/lyrics/u2band/sleeplikeababytonightalternativemix.html
203,Invisible(Hidden Track),U2 Lyrics,"album: ""Songs Of Innocence"" (2014)",/lyrics/u2band/invisible.html
204,"The Crystal Ballroom (12"" Mix)(Vinyl Bonus Track)",U2 Lyrics,"album: ""Songs Of Innocence"" (2014)",/lyrics/u2band/thecrystalballroom12mix.html
205,Love Is All We Have Left,U2 Lyrics,"album: ""Songs Of Experience"" (2017)",/lyrics/u2band/loveisallwehaveleft.html
206,Lights Of Home,U2 Lyrics,"album: ""Songs Of Experience"" (2017)",/lyrics/u2band/lightsofhome.html
207,Youre The Best Thing About Me,U2 Lyrics,"album: ""Songs Of Experience"" (2017)",/lyrics/u2band/yourethebestthingaboutme.html
208,Get Out Of Your Own Way,U2 Lyrics,"album: ""Songs Of Experience"" (2017)",/lyrics/u2band/getoutofyourownway.html
209,American Soul,U2 Lyrics,"album: ""Songs Of Experience"" (2017)",/lyrics/u2band/americansoul.html
210,Summer Of Love,U2 Lyrics,"album: ""Songs Of Experience"" (2017)",/lyrics/u2band/summeroflove.html
211,Red Flag Day,U2 Lyrics,"album: ""Songs Of Experience"" (2017)",/lyrics/u2band/redflagday.html
212,The Showman (Little More Better),U2 Lyrics,"album: ""Songs Of Experience"" (2017)",/lyrics/u2band/theshowmanlittlemorebetter.html
213,The Little Things That Give You Away,U2 Lyrics,"album: ""Songs Of Experience"" (2017)",/lyrics/u2band/thelittlethingsthatgiveyouaway.html
214,Landlady,U2 Lyrics,"album: ""Songs Of Experience"" (2017)",/lyrics/u2band/landlady.html
215,The Blackout,U2 Lyrics,"album: ""Songs Of Experience"" (2017)",/lyrics/u2band/theblackout.html
216,Love Is Bigger Than Anything In Its Way,U2 Lyrics,"album: ""Songs Of Experience"" (2017)",/lyrics/u2band/loveisbiggerthananythinginitsway.html
217,13 (There Is A Light),U2 Lyrics,"album: ""Songs Of Experience"" (2017)",/lyrics/u2band/13thereisalight.html
218,Ordinary Love (Extraordinary Mix)(Deluxe Edition Bonus Track),U2 Lyrics,"album: ""Songs Of Experience"" (2017)",/lyrics/u2band/ordinaryloveextraordinarymix.html
219,Book Of Your Heart(Deluxe Edition Bonus Track),U2 Lyrics,"album: ""Songs Of Experience"" (2017)",/lyrics/u2band/bookofyourheart.html
220,Lights Of Home (St Peters String Version)(Deluxe Edition Bonus Track),U2 Lyrics,"album: ""Songs Of Experience"" (2017)",/lyrics/u2band/lightsofhomestpetersstringversion.html
221,Youre The Best Thing About Me (U2 vs. Kygo)(Deluxe Edition Bonus Track),U2 Lyrics,"album: ""Songs Of Experience"" (2017)",/lyrics/u2band/yourethebestthingaboutmeu2vskygo.html
222,A Celebration,U2 Lyrics,other songs:,/lyrics/u2band/acelebration.html
223,Ahimsa,U2 Lyrics,other songs:,/lyrics/u2band/ahimsa.html
224,"Alex Descends Into Hell For A Bottle Of Milk / Korova 1(from ""The Fly"" single)",U2 Lyrics,other songs:,/lyrics/u2band/alexdescendsintohellforabottleofmilkkorova1.html
225,Another Day,U2 Lyrics,other songs:,/lyrics/u2band/anotherday.html
226,Atomic City,U2 Lyrics,other songs:,/lyrics/u2band/atomiccity.html
227,Bang A Gong (Get It On),U2 Lyrics,other songs:,/lyrics/u2band/bangagonggetiton.html
228,Boy-Girl,U2 Lyrics,other songs:,/lyrics/u2band/boygirl.html
229,"Christmas (Baby, Please Come Home)",U2 Lyrics,other songs:,/lyrics/u2band/christmasbabypleasecomehome.html
230,Electrical Storm,U2 Lyrics,other songs:,/lyrics/u2band/electricalstorm.html
231,Everybody Loves A Winner,U2 Lyrics,other songs:,/lyrics/u2band/everybodylovesawinner.html
232,Fortunate Son,U2 Lyrics,other songs:,/lyrics/u2band/fortunateson.html
233,"Hold Me, Thrill Me, Kiss Me, Kill Me",U2 Lyrics,other songs:,/lyrics/u2band/holdmethrillmekissmekillme.html
234,I Believe In Father Christmas,U2 Lyrics,other songs:,/lyrics/u2band/ibelieveinfatherchristmas.html
235,Ive Got You Under My Skin,U2 Lyrics,other songs:,/lyrics/u2band/ivegotyouundermyskin.html
236,Lady With The Spinning Head,U2 Lyrics,other songs:,/lyrics/u2band/ladywiththespinninghead.html
237,Let Your Love Be Known,U2 Lyrics,other songs:,/lyrics/u2band/letyourlovebeknown.html
238,Love Is Bigger Than Anything In Its Way (U2 x Cheat Codes),U2 Lyrics,other songs:,/lyrics/u2band/loveisbiggerthananythinginitswayu2xcheatcodes.html
239,Night And Day,U2 Lyrics,other songs:,/lyrics/u2band/nightandday.html
240,Ordinary Love,U2 Lyrics,other songs:,/lyrics/u2band/ordinarylove.html
241,Paint It Black,U2 Lyrics,other songs:,/lyrics/u2band/paintitblack.html
242,"Salome(from ""Even Better Than The Real Thing"" single)",U2 Lyrics,other songs:,/lyrics/u2band/salome.html
243,Satellite Of Love,U2 Lyrics,other songs:,/lyrics/u2band/satelliteoflove.html
244,Slow Dancing,U2 Lyrics,other songs:,/lyrics/u2band/slowdancing.html
245,"Stateless(from ""The Million Dollar Hotel"" soundtrack)",U2 Lyrics,other songs:,/lyrics/u2band/stateless.html
246,"The Ground Beneath Her Feet(from ""The Million Dollar Hotel"" soundtrack)",U2 Lyrics,other songs:,/lyrics/u2band/thegroundbeneathherfeet.html
247,The Hands That Built America,U2 Lyrics,other songs:,/lyrics/u2band/thehandsthatbuiltamerica.html
248,"The Saints Are Coming(from ""U218 Singles"" album)",U2 Lyrics,other songs:,/lyrics/u2band/thesaintsarecoming.html
249,Touch,U2 Lyrics,other songs:,/lyrics/u2band/touch.html
250,Treasure (Whatever Happened To Pete The Chop),U2 Lyrics,other songs:,/lyrics/u2band/treasurewhateverhappenedtopetethechop.html
251,Walk On (Ukraine),U2 Lyrics,other songs:,/lyrics/u2band/walkonukraine.html
252,Whats Going On,U2 Lyrics,other songs:,/lyrics/u2band/whatsgoingon.html
253,Where Did It All Go Wrong,U2 Lyrics,other songs:,/lyrics/u2band/wherediditallgowrong.html
254,"Window In The Skies(from ""U218 Singles"" album)",U2 Lyrics,other songs:,/lyrics/u2band/windowintheskies.html
255,"Winter(from ""Linear"" soundtrack)",U2 Lyrics,other songs:,/lyrics/u2band/winter.html
256,"Your Song Saved My Life(from ""Sing 2"" soundtrack)",U2 Lyrics,other songs:,/lyrics/u2band/yoursongsavedmylife.html
